,Brand Name,Name of the Product,Rating,No. of Ratings,Price,Expected Delivery,Availability
0,Brand: Medellin,Medellin MED-BLU-C Linden Wood Acoustic Guitar,,339 ratings,"₹ 2,549.00","FREE delivery: Thursday, April 22 Details
Fastest delivery: Tuesday, April 20 Details",In stock.
1,Visit the JUAREZ Store,"Juârez Acoustic Guitar, 38 Inch Cutaway, 038C with Bag, Strings, Pick and Strap, Black",,"8,738 ratings","₹ 2,499.00","FREE delivery: Wednesday, April 21 Details",In stock.
2,Visit the JUAREZ Store,"Juarez Acoustic Guitar, 38 Inch Curved Body Cutaway, 38CUR with Bag, Strings, Pick and Strap, Black",,706 ratings,"₹ 2,499.00","FREE delivery: Wednesday, April 21 Details",In stock.
3,Visit the JUAREZ Store,"Juârez Acoustic Guitar, 38 Inch Cutaway, JRZ38C with Bag, Strings, Pick and Strap, Blue",,843 ratings,"₹ 2,240.00","FREE delivery: Thursday, April 22 Details",In stock.
4,Visit the JUAREZ Store,"Juârez Acoustic Guitar, 38 Inch Cutaway, 038C with Bag, Strings, Pick and Strap, Black",,"8,738 ratings","₹ 2,499.00","FREE delivery: Wednesday, April 21 Details",In stock.
5,Visit the JUAREZ Store,"Juarez JRZ38C Acoustic Guitar, 38 Inch Cutaway with Bag (TBS Transparent Blue Sunburst)",,"2,999 ratings","₹ 2,499.00","FREE delivery: Wednesday, April 21 Details",In stock.
6,Visit the Intern Store,"Intern INT-38C Acoustic Guitar Kit, With Bag, Strings, Pick And Strap, Black",,"5,011 ratings","₹ 2,490.00","FREE delivery: Monday, April 19 Details
Fastest delivery: Tomorrow
Order within 5 hrs and 16 mins Details",In stock.
7,Visit the Kadence Store,"Kadence Frontier Jumbo Semi Acoustic Guitar With Die Cast Keys,Super Combo (Bag, 1 pack Strings, Strap, Picks, Capo, Tuner (black & stand)",,374 ratings,"₹ 5,999.00","FREE delivery: Thursday, April 22 Details
Fastest delivery: Tuesday, April 20 Details",In stock.
8,Visit the Kadence Store,"Kadence Frontier Series, Acoustic Guitar With/Wihtout EQ Die Cast Keys Combo (Bag,strap,strings and 3 picks) (Brown, Acoustic)",,546 ratings,"₹ 5,299.00","FREE delivery: Thursday, April 22 Details
Fastest delivery: Tuesday, April 20 Details",In stock.
9,Visit the Kadence Store,"Kadence Frontier Series,Black Semi Acoustic Guitar With Die Cast Keys (Bag,Strap,Strings And 3 Picks Stand)",,265 ratings,"₹ 5,499.00","FREE delivery: Thursday, April 22 Details
Fastest delivery: Tuesday, April 20 Details",In stock.
10,Visit the JUAREZ Store,"JUAREZ JRZ38C Right Handed Acoustic Guitar with Bag, Strings, Pick and Strap (Natural, 6 Strings)",,"2,012 ratings","₹ 2,499.00","FREE delivery: Thursday, April 22 Details",In stock.
11,Visit the Intern Store,Intern 38-inch Cutaway Design Black Acoustic Guitar with Picks & Carry Bag,,964 ratings,"₹ 2,149.00","FREE delivery: Tuesday, April 20 Details",-
12,Visit the JUAREZ Store,"Juarez JRZ-ST01, 6 Strings Electric Guitar, Right Handed with Bag/Case, 2 x Picks (3TS Sunburst)",,155 ratings,"₹ 5,523.00","FREE delivery: Thursday, April 22 Details",In stock.
13,Visit the JUAREZ Store,"Juarez Acoustic Guitar, 38 Inch Cutaway with Pick Guard, 38CPG with Bag, Strings, Pick and Strap, Black",,138 ratings,"₹ 2,499.00","FREE delivery: Wednesday, April 21 Details",In stock.
14,Visit the JUAREZ Store,"Juarez Acoustic Guitar, 38 Inch Curved Body Cutaway, 38CUR with Bag, Strings, Pick and Strap, Black",,706 ratings,"₹ 2,499.00","FREE delivery: Wednesday, April 21 Details",In stock.
15,Visit the JUAREZ Store,"Juârez JRZ38C/WH 6 Strings Acoustic Guitar 38 Inch Cutaway, Right Handed, White with Bag, Strings, Picks and Strap",,279 ratings,"₹ 2,499.00","FREE delivery: Thursday, April 22 Details
Fastest delivery: Monday, April 19
Order within 5 hrs and 45 mins Details",In stock.
16,Visit the JUAREZ Store,"JUAREZ JRZ38CTR/BK 38 Inch Acoustic Guitar with Dual Action Truss Rod, Bag, Picks, Allen Key, Extra String Set, Black",,70 ratings,"₹ 3,179.00","FREE delivery: Thursday, April 22 Details",In stock.
17,Brand: Jixing,"Jixing JXNG-BLK-SC1,Black Acoustic Guitar with Kadence Foldable Guitar Stand,Kadence Tuner,Kadence String,Kadence Strap,Kadence 3 Picks,Kadence Bag & Kadence Capo (Super Combo)",,424 ratings,"₹ 3,499.00","FREE delivery: Thursday, April 22 Details
Fastest delivery: Tuesday, April 20 Details",In stock.
18,Brand: HOVNER,"Hovner 215 Black F-Cut Rosewood Fretboard Acoustic Guitar With Bag,Strap,1 Set of Extra Strings and 2 Picks By K-Retail",,186 ratings,"₹ 3,980.00","FREE delivery: Thursday, April 22 Details",In stock.
19,Brand: Medellin,Medellin MED-BLU-C Linden Wood Acoustic Guitar,,339 ratings,"₹ 2,549.00","FREE delivery: Thursday, April 22 Details
Fastest delivery: Tuesday, April 20 Details",In stock.
20,Visit the blueberry Store,"Blueberry 38C IN Acoustic Guitar Kit with Bag,Belt & Picks inbuilt Truss-rod (Blue)",,12 ratings,"₹ 2,895.00","FREE delivery: Sunday, April 25 Details",In stock.
21,Visit the JUAREZ Store,"Juarez Acoustic Guitar, 38 Inch Cutaway with Pick Guard, 38CPG with Bag, Strings, Pick and Strap, Black",,138 ratings,"₹ 2,499.00","FREE delivery: Wednesday, April 21 Details",In stock.
22,Visit the blueberry Store,"Blueberry 38C IN TrussRod Acoustic Guitar Kit with Bag, Belt & Picks (Black)",,4 ratings,"₹ 2,895.00","FREE delivery: Sunday, April 25 Details",In stock.
23,Visit the JUAREZ Store,"Juârez JRZ38C/WH 6 Strings Acoustic Guitar 38 Inch Cutaway, Right Handed, White with Bag, Strings, Picks and Strap",,279 ratings,"₹ 2,499.00","FREE delivery: Thursday, April 22 Details
Fastest delivery: Monday, April 19
Order within 5 hrs and 44 mins Details",In stock.
24,Visit the Intern Store,"Intern INT-38C-SB-G Cutaway Right Handed Acoustic Guitar Kit, With Bag, Strings, Pick And Strap (Sunburst, 6 Strings)",,660 ratings,"₹ 2,360.00","FREE delivery: Tuesday, April 20 Details",-
25,Visit the JUAREZ Store,"JUAREZ JRZ38C Right Handed Acoustic Guitar (Sunburst, 6 Strings)",,"3,196 ratings","₹ 2,499.00","FREE delivery: Thursday, April 22 Details",In stock.
26,Visit the JUAREZ Store,"Juârez Acoustic Guitar, 38 Inch Cutaway, JRZ38C with Bag, Strings, Pick and Strap, Red",,843 ratings,"₹ 2,499.00","FREE delivery: Wednesday, April 21 Details",In stock.
27,Visit the JUAREZ Store,"JUAREZ 41 INCH GUITAR JRZ41VG/BK, BLACK",,3 ratings,"₹ 3,329.00","FREE delivery: Wednesday, April 21 Details",In stock.
28,Visit the JUAREZ Store,"Juarez Acoustic Guitar, [ LEFT HANDED] 38 Inch Cutaway, 38CL/BK with Bag, Strings, Pick and Strap, Black",,416 ratings,"₹ 2,499.00","FREE delivery: Thursday, April 22 Details",In stock.
29,Brand: Generic,"crown spceil 215, das musical acoustic guitar",,5 ratings,"₹ 3,550.00",FREE delivery: April 23 - 24 Details,In stock.
30,Brand: HOVNER,"Hovner 215 Dark Green F-Cut Rosewood Fretboard Acoustic Guitar With Bag,Strap,1 Set of Extra Strings and 2 Picks By V3",-,-,"₹ 3,980.00","FREE delivery: Thursday, April 22 Details",In stock.
31,Brand: Our Store,"Our Store 24"" 6 String Decor Guitar Children's Musical Instrument Educational Toy Guitar for Beginners Kids Child (Color May Vary)",-,-,"₹ 1,498.00","FREE delivery: Saturday, April 24 Details",In stock.
32,Visit the Intern Store,"Intern INT-38C Acoustic Guitar Kit, With Bag, Strings, Pick And Strap, Natural",,420 ratings,"₹ 2,247.00","FREE delivery: Tuesday, April 20 Details",In stock.
33,Visit the JUAREZ Store,"Juârez JRZ38C/MAH 6 Strings Acoustic Guitar 38 Inch Cutaway, Right Handed, Mahogany with Bag, Strings, Picks and Strap",,146 ratings,"₹ 2,240.00","FREE delivery: Thursday, April 22 Details",In stock.
34,Visit the JUAREZ Store,"JUAREZ 38 Inch Acoustic Guitar with Dual Action Truss Rod, Bag, Picks, Allen Key, Extra String Set, Natural",,15 ratings,"₹ 2,786.00","FREE delivery: Thursday, April 22 Details",In stock.
35,Brand: DIKUJI ENTERPRISE,DIKUJI ENTERPRISE 6 String Decor Guitar Children's Musical Instrument Educational Toy Guitar for Beginners Kids Childs (Color May Vary),-,-,"₹ 1,299.00","FREE delivery: Saturday, April 24 Details",In stock.
36,Brand: THE DIEDERIK,"THE DIEDERIK 24"" 6 String Decor Guitar Children's Musical Instrument Toy Guitar for Beginners Kids Childs (Color May Vary)",,2 ratings,"₹ 1,518.00","FREE delivery: Saturday, April 24 Details",In stock.
37,Brand: VD Enterprise,VD ENTERPRISE String Acoustic Guitar | Adjustable Tunning Knob | Classical Guitar Toy | Musical Instrument Learning Toy for Kids,,13 ratings,₹ 879.00,"FREE delivery: Saturday, April 24 Details",In stock.
38,Brand: Crizer,Crizer 4 String Guitar Children's Musical Instrument Educational Toy Guitar Ukulele Instruments Beginner Musical Sound Toys Best Gift for Children,,30 ratings,₹ 829.00,"FREE delivery: Friday, April 23 Details",In stock.
39,Brand: Crisis,"Guitar Setup Tool, Guitar Truss Rod Professional 2 Way for Guitar Making for Guitar Repairing(430)",-,-,₹ 809.00,₹ 99.99 delivery: May 13 - 17 Details,Usually dispatched in 3 to 4 days.
40,Brand: Belear,"Belear I-280-WBL Couturier 38 Inch Blue Cutaway Acoustic Guitar With Bag,and Picks",-,-,"₹ 3,600.00",FREE delivery: April 25 - 26 Details,In stock.
41,Visit the JUAREZ Store,"JUAREZ 38 Inch Acoustic Guitar with Dual Action Truss Rod, Bag, Picks, Allen Key, Extra String Set, 3TS Sunburst",,35 ratings,"₹ 2,956.00","FREE delivery: Wednesday, April 21 Details",In stock.
42,Brand: Belear,Belear I-280 38 Inch Black Cutaway Acoustic Guitar,-,-,"₹ 2,399.00",FREE delivery: April 25 - 26 Details,In stock.
43,Visit the JUAREZ Store,"JUAREZ Arpéggio 41 Inch Acoustic Guitar Kit, Spruce Top, Black",,5 ratings,"₹ 4,960.00","FREE delivery: Thursday, April 22 Details",In stock.
44,Brand: Belear,Belear I-370 38 Inch Red Spruce Cutaway Acoustic Guitar with Truss Rod With Bag and Picks,-,-,"₹ 3,399.00",FREE delivery: April 25 - 26 Details,In stock.
45,Brand: Generic,Tunomatic Bridge Stopbar Set for Gibson LP Epiphone Guitar,-,-,-,-,Available from these sellers.
46,Visit the JUAREZ Store,"Juârez JRZ38C/ZEB 6 Strings Acoustic Guitar 38 Inch Cutaway, Right Handed, Zebrawood with Bag, Strings, Picks and Strap",,60 ratings,"₹ 2,949.00","FREE delivery: Wednesday, April 21 Details",In stock.
47,Brand: Generic,"41""das musical acoustic venus guitar. cover, string, belt, 2plectrums.",,26 ratings,"₹ 3,490.00",FREE delivery: April 23 - 24 Details,In stock.
48,Brand: Breve,"Breve Acoustic Guitar 38 Inch Cutaway,with Bag (Natural)",,463 ratings,"₹ 2,595.00","FREE delivery: Monday, April 19 Details
Fastest delivery: Tomorrow
Order within 5 hrs and 10 mins Details",In stock.
49,Visit the Kadence Store,Kadence Acoustica A05 semi acoustic guitar Zebra Wood with Bag,,206 ratings,"₹ 5,999.00","FREE delivery: Thursday, April 22 Details
Fastest delivery: Tuesday, April 20 Details",In stock.
50,Brand: Belear,"Belear I-280-CBL Couturier 38 Inch Blue Cutaway Acoustic Guitar With Bag, String,Strap and Picks",-,-,"₹ 2,599.00",FREE delivery: April 25 - 26 Details,In stock.
51,Brand: H.M.D,HMD Collections 21'' Basswood Acoustic Guitar 6 String Practice Music Instruments -Red,-,-,"₹ 5,679.00",FREE delivery: May 13 - 26 Details,Usually dispatched in 3 to 5 weeks.
52,Brand: Shreearya Fashion,Shreearya Guitar 4-String Acoustic Guitar Musical Instrument for Learning (23 Inches)Brown,-,-,₹ 985.00,"FREE delivery: Friday, April 23 Details",In stock.
53,Brand: OOM AKSHAR,OOM AKSHAR 4 String Decor Guitar Children's Musical Instrument Educational Toy Small Guitar for Beginners Kids Child - 23Inch,-,-,₹ 999.00,"FREE delivery: Saturday, April 24 Details",In stock.
54,Brand: Asago,Asago 4 String Children's Musical Guitar Instrument For Beginner Educational Toy Guitar Musical Sound Toys Best Gift for Children,-,-,₹ 799.00,"FREE delivery: Saturday, April 24 Details",In stock.
55,Brand: ARCTIC,"ARCTIC Sky series 39"" Guitar (with Truss Rod) with Bag, 3 Picks, Strap & String Set. Standard Pack Black",,5 ratings,"₹ 5,276.00","FREE delivery: Tuesday, April 20 Details",In stock.
56,Visit the blueberry Store,"Blueberry B-40 IN, Trussrod Acoustic Guitar Kit with Bag,Belt, One Pack Strings & Picks (Blue)",,6 ratings,"₹ 3,595.00","FREE delivery: Sunday, April 25 Details",In stock.
57,Visit the JUAREZ Store,"Juarez JRZ38C Acoustic Guitar, 38 Inch Cutaway with Bag (TBS Transparent Blue Sunburst)",,"2,999 ratings","₹ 2,499.00","FREE delivery: Wednesday, April 21 Details",In stock.
58,Visit the Kadence Store,"Kadence Slowhand Premium Jumbo Semi Acoustic Guitar with Heavy Padded Bag, guitar cable, Pro Capo and Fibre guitar stand (Black Spruce Wood)",,99 ratings,"₹ 10,999.00","FREE delivery: Thursday, April 22 Details",In stock.
59,Visit the blueberry Store,"Blueberry 38 Inch Acoustic Guitar Kit Inbuilt Truss Rod, with Bag,Belt, One Pack Strings And Picks (Brown)",,44 ratings,"₹ 2,999.00","FREE delivery: Sunday, April 25 Details",In stock.
